,model_size,uncertainty,deg_level,det,deg,ei
0,2,0.975,1,0.26649108277958933,100000.0,-0.7335089172204107
1,2,0.965,1,0.35637969567711236,100000.0,-0.6436203043228876
2,2,0.945,1,0.5296315252414069,100000.0,-0.4703684747585931
3,2,0.925,1,0.6997275765376826,100000.0,-0.3002724234623174
4,2,0.92,1,0.7422149776146646,100000.0,-0.2577850223853354
5,2,0.895,1,0.9563691957646878,100000.0,-0.04363080423531213
6,2,0.865,1,1.2209267726198227,100000.0,0.22092677261982266
7,2,0.83,1,1.5466869436985713,100000.0,0.5466869436985713
8,2,0.8049999999999999,1,1.7949311985979397,100000.0,0.7949311985979396
9,2,0.78,1,2.0599009393080627,100000.0,1.0599009393080627
10,2,0.735,1,2.5924675194380176,100000.0,1.5924675194380176
11,2,0.725,1,2.7230691635053645,100000.0,1.7230691635053645
12,2,0.72,1,2.790367575967658,100000.0,1.7903675759676578
13,2,0.6699999999999999,1,3.5551442232610113,100000.0,2.5551442232610113
14,2,0.635,1,4.231222319520956,100000.0,3.231222319520956
15,2,0.625,1,4.455898552890386,100000.0,3.455898552890386
16,2,0.61,1,4.828262256216292,100000.0,3.8282622562162922
17,2,0.565,1,6.353981048362947,100000.0,5.353981048362942
18,2,0.5449999999999999,1,7.417143349577779,100000.0,6.417143349577779
19,2,0.515,1,10.588804539203425,100000.0,9.588804539203336
20,2,0.975,2,0.26649108277958933,2.372148612633102,-0.352038306884792
21,2,0.965,2,0.35637969567711236,2.4961916487023665,-0.2723297743693527
22,2,0.945,2,0.5296315252414069,2.7335972294602966,-0.11737858600633587
23,2,0.94,2,0.5722756686923108,2.791672537452906,-0.07898297837049714
24,2,0.905,2,0.8702357425041894,3.1930289730060215,0.19194763452499308
25,2,0.89,2,0.9997575268987882,3.3648804492487185,0.31108600592884367
26,2,0.885,2,1.0433950878678346,3.4223994729654215,0.3514000837844676
27,2,0.85,2,1.3578633441515378,3.8310112977167305,0.6443395158207166
28,2,0.8049999999999999,2,1.7949311985979397,4.381298754187572,1.057684757591047
29,2,0.79,2,1.9516674886826557,4.573682730775526,1.207404187792294
30,2,0.77,2,2.1714418777070885,4.839208804135024,1.4184708089607587
31,2,0.75,2,2.405666433447972,5.117006640828829,1.6447014441413164
32,2,0.73,2,2.657123402936829,5.409684884444655,1.8888538574687113
33,2,0.725,2,2.7230691635053645,5.485547042033734,1.9530787110676122
34,2,0.72,2,2.790367575967658,5.562600416875044,2.0186977147219434
35,2,0.7,2,3.0744975522289675,5.884076327751318,2.2965196643685712
36,2,0.6799999999999999,2,3.3865657781063634,6.23066854462888,2.6029235418276535
37,2,0.675,2,3.4697074359871736,6.321977886403284,2.684748029781128
38,2,0.6699999999999999,2,3.5551442232610113,6.41539112652906,2.7689068133448593
39,2,0.655,2,3.8267074866979156,6.7097073673400045,3.036869228561217
40,2,0.64,2,4.124897853222286,7.028826660637679,3.3318049305771695
41,2,0.625,2,4.455898552890386,7.378858633143798,3.659893011862654
42,2,0.62,2,4.574911042988198,7.503781056501846,3.7780099962834557
43,2,0.615,2,4.6988834879270645,7.6334423920577725,3.901124408999244
44,2,0.5349999999999999,2,8.143056128913184,11.136882358645943,7.336585334701331
45,2,0.52,2,9.758561092848192,12.75654257861934,8.951494760648016
46,2,0.51,2,11.758849814749984,14.75834495021518,10.951567030621968
47,2,0.5,2,100000.0,100000.0,100000.0
48,2,0.99,3,0.12153852365273278,0.8623657421634677,0.4376934937072311
49,2,0.945,3,0.5296315252414069,1.250320446618913,0.8763242128140217
50,2,0.94,3,0.5722756686923108,1.2914079031442178,0.9213740678523021
51,2,0.885,3,1.0433950878678344,1.7492377076898813,1.4133039355523302
52,2,0.875,3,1.1315169114520658,1.8354780275511977,1.5044121151132306
53,2,0.855,3,1.3118108496317826,2.012357431517604,1.6901515073567777
54,2,0.85,3,1.3578633441515378,2.0576211539631193,1.7374666915869057
55,2,0.835,3,1.498741560071097,2.1962714440637083,1.8819211599994767
56,2,0.83,3,1.5466869436985713,2.2435172937937917,1.9309924042695454
57,2,0.785,3,2.0053882994063827,2.6967529792400624,2.3985397767820436
58,2,0.77,3,2.1714418777070885,2.8612733441296347,2.56709064004895
59,2,0.665,3,3.6430177112311637,4.325173619450374,4.051274125328279
60,2,0.6599999999999999,3,3.733482423198054,4.4153853269927525,4.14215744501674
61,2,0.64,3,4.124897853222286,4.805877162113847,4.535102662136027
62,2,0.56,3,6.58554263459068,7.264136514582157,6.999710595193011
63,2,0.55,3,7.112677672921797,7.791111505204195,7.527112161947364
64,2,0.54,3,7.757404003181604,8.435707251997503,8.172056012040752
65,2,0.53,3,8.588154399570557,9.266356309173428,9.00297525072895
66,2,0.51,3,11.758849814749984,12.43693614880914,12.173863266105313
67,2,0.5,3,100000.0,100000.0,100000.0
68,2,1.0,4,-0.0,-0.0,100000.0
69,2,0.975,4,0.26649108277958933,0.26649108277958933,100000.0
70,2,0.92,4,0.7422149776146646,0.7422149776146646,100000.0
71,2,0.915,4,0.7847724426280442,0.7847724426280442,100000.0
72,2,0.9,4,0.9132042619548904,0.9132042619548904,100000.0
73,2,0.88,4,1.087306805968979,1.087306805968979,100000.0
74,2,0.875,4,1.1315169114520658,1.1315169114520658,100000.0
75,2,0.845,4,1.4043536543945354,1.4043536543945354,100000.0
76,2,0.835,4,1.498741560071097,1.498741560071097,100000.0
77,2,0.7949999999999999,4,1.8987053540387295,1.8987053540387295,100000.0
78,2,0.755,4,2.345613586973032,2.345613586973032,100000.0
79,2,0.745,4,2.466792947886505,2.466792947886505,100000.0
80,2,0.74,4,2.52904253570165,2.52904253570165,100000.0
81,2,0.725,4,2.723069163505365,2.723069163505365,100000.0
82,2,0.6950000000000001,4,3.1496614972904817,3.1496614972904817,100000.0
83,2,0.685,4,3.305589204134573,3.305589204134573,100000.0
84,2,0.6599999999999999,4,3.733482423198054,3.733482423198054,100000.0
85,2,0.655,4,3.8267074866979156,3.8267074866979156,100000.0
86,2,0.645,4,4.022200062294855,4.022200062294855,100000.0
87,2,0.64,4,4.124897853222286,4.124897853222286,100000.0
88,2,0.63,4,4.341452106036329,4.341452106036329,100000.0
89,2,0.62,4,4.574911042988198,4.574911042988198,100000.0
90,2,0.59,4,5.4112242109135185,5.4112242109135185,100000.0
91,2,0.585,4,5.5770068216126525,5.5770068216126525,100000.0
92,2,0.5800000000000001,4,5.752739964426182,5.752739964426182,100000.0
93,2,0.575,4,5.939715726410954,5.939715726410954,100000.0
94,2,0.5549999999999999,4,6.8371621190305145,6.8371621190305145,100000.0
95,2,0.5349999999999999,4,8.143056128913184,8.143056128913184,100000.0
96,2,0.5249999999999999,4,9.114488217416865,9.114488217416865,100000.0
97,2,0.515,4,10.588804539203425,10.588804539203425,100000.0
98,2,0.51,4,11.758849814749984,11.758849814749984,100000.0
99,2,0.505,4,13.75892196092574,13.75892196092574,100000.0
100,3,0.99,1,0.12153852365273296,100000.0,-1.4634239770684232
101,3,0.7949999999999999,1,1.89870535403873,100000.0,0.3137428533175737
102,3,0.7050000000000001,1,3.001071301784402,100000.0,1.4161088010632459
103,3,0.6699999999999999,1,3.5551442232610118,100000.0,1.9701817225398541
104,3,0.645,1,4.022200062294856,100000.0,2.4372375615736996
105,3,0.605,1,4.963555946784554,100000.0,3.378593446063398
106,3,0.54,1,7.757404003181611,100000.0,6.172441502460454
107,3,0.53,1,8.588154399570556,100000.0,7.0031918988494
108,3,0.5249999999999999,1,9.114488217416852,100000.0,7.529525716695696
109,3,1.0,2,-0.0,3.584962500721156,-1.4594316186372973
110,3,0.895,2,0.9563691957646873,5.2282118717784,-0.5519078602352484
111,3,0.865,2,1.2209267726198227,5.655565558902418,-0.2957302266428056
112,3,0.8049999999999999,2,1.7949311985979397,6.53406094933582,0.26502599995097254
113,3,0.79,2,1.9516674886826557,6.762225505544159,0.41905391117947954
114,3,0.77,2,2.171441877707088,7.0739709323603925,0.6355396108645459
115,3,0.685,2,3.3055892041345722,8.549349970094422,1.7592136332151076
116,3,0.675,2,3.4697074359871736,8.747401536715083,1.9224230430898888
117,3,0.6699999999999999,2,3.5551442232610118,8.84924659079218,2.0074281836914656
118,3,0.585,2,5.577006821612652,11.086211099054394,4.024073868700458
119,3,0.56,2,6.585542634590679,12.132481804413542,5.031773778222247
120,3,0.5549999999999999,2,6.837162119030515,12.390137240910022,5.283261615066887
121,3,0.53,2,8.588154399570556,14.163558689338318,7.033769603679475
122,3,0.5,2,100000.0,100000.0,100000.0
123,3,0.925,3,0.6997275765376826,3.2524179576469803,-0.6156585525277772
124,3,0.895,3,0.9563691957646873,3.5866668391013814,-0.37445744775274425
125,3,0.8200000000000001,3,1.64420358625396,4.458750363434179,0.28043834220436653
126,3,0.765,3,2.2285444465118984,5.1672399088601155,0.8452014064595723
127,3,0.74,3,2.52904253570165,5.520017995760125,1.1380189535854777
128,3,0.665,3,3.6430177112311646,6.769781452687671,2.2334673055513496
129,3,0.655,3,3.8267074866979147,6.968707121045558,2.4151989733531196
130,3,0.625,3,4.455898552890386,7.638838273599587,3.0392424379766347
131,3,0.585,3,5.577006821612652,8.802336888014715,4.155190937398195
132,3,0.5549999999999999,3,6.837162119030515,10.084265092794078,5.412761326159771
133,3,0.55,3,7.1126776729218,10.362530396997919,5.687953517835732
134,3,0.53,3,8.588154399570556,11.846426607786658,7.162444410361084
135,3,0.99,4,0.12153852365273296,1.7505925038173564,-0.9000119806046871
136,3,0.955,4,0.44372271540943314,2.1884888190563445,-0.6299968198435776
137,3,0.935,4,0.614803762874193,2.4189212645566993,-0.4834349056402212
138,3,0.83,4,1.5466869436985717,3.63181852573889,0.34946563514995044
139,3,0.78,4,2.0599009393080627,4.2653720389031395,0.827511302425455
140,3,0.69,4,3.226657958073601,5.620982825941016,1.9460781045255504
141,3,0.6599999999999999,4,3.7334824231980543,6.179928020539968,2.4409282652239805
142,3,0.6,4,5.105347548540011,7.634086788173682,3.7949318994226915
143,3,0.5800000000000001,4,5.7527399644261825,8.301385393768452,4.438186292354596
144,3,0.5249999999999999,4,9.114488217416852,11.695849978110022,7.793281350218255
145,3,0.505,4,13.758921960925479,16.343740201763087,12.43702271974591
146,3,0.955,5,0.44372271540943314,1.6044447246132643,-0.28583798146956774
147,3,0.935,5,0.614803762874193,1.8197696082768584,-0.14959433842133887
148,3,0.875,5,1.1315169114520658,2.462681274064511,0.2773951811607812
149,3,0.855,5,1.3118108496317822,2.6831747042875853,0.43177347282830725
150,3,0.84,5,1.4513051619806772,2.852158621394013,0.5529924136250793
151,3,0.835,5,1.4987415600710965,2.9092899535253283,0.5945511481019715
152,3,0.79,5,1.9516674886826557,3.4460005088817587,0.9992106778802995
153,3,0.74,5,2.52904253570165,4.107481309269642,1.5323154951041245
154,3,0.71,5,2.9292946475731108,4.552535632074153,1.9105296501423272
155,3,0.665,5,3.643017711231164,5.324018373319077,2.5972943016378873
156,3,0.6599999999999999,5,3.733482423198054,5.420140895152056,2.6852021494324445
157,3,0.635,5,4.231222319520956,5.9437508754331105,3.171434063019217
158,3,0.5449999999999999,5,7.41714334957778,9.187453865594353,6.332695941878295
159,3,1.0,6,-0.0,0.6298566480539988,-0.08580278650395225
160,3,0.99,6,0.12153852365273331,0.7951536686443998,-0.04092781198662521
161,3,0.965,6,0.356379695677113,1.1103482175378934,0.0682108229481942
162,3,0.935,6,0.614803762874193,1.4522659806881284,0.21304373088677878
163,3,0.91,6,0.8274352110102235,1.7295354168235166,0.3475026631604781
164,3,0.87,6,1.1760491166970406,2.175614917543634,0.5915209458469124
165,3,0.715,6,2.8590855730860745,4.174244859993967,2.015618913015614
166,3,0.61,6,4.828262256216292,6.277188790147872,3.9014138812473282
167,3,0.55,6,7.1126776729218,8.600126753707448,6.164022842219251
168,3,0.5449999999999999,6,7.41714334957778,8.906501865376326,6.467431118998345
169,3,0.5249999999999999,6,9.114488217416852,10.609475094823644,8.16167174466769
170,3,0.985,7,0.1719545674039591,0.4887117531379031,0.9297911511290234
171,3,0.975,7,0.26649108277958933,0.5971717263976756,0.9689680104989054
172,3,0.925,7,0.6997275765376826,1.0830097530547838,1.2144534241599034
173,3,0.915,7,0.7847724426280442,1.1764271942098334,1.27232186540874
174,3,0.885,7,1.0433950878678349,1.4570808952907226,1.4624952779409999
175,3,0.865,7,1.2209267726198227,1.647065246926466,1.60316483197568
176,3,0.86,7,1.266173007153101,1.695175991459483,1.6401073075206785
177,3,0.7949999999999999,7,1.89870535403873,2.3572964045906146,2.190455883392979
178,3,0.775,7,2.115240046871697,2.580521861429028,2.3892611363733587
179,3,0.71,7,2.9292946475731108,3.410490312924092,3.1623195843701737
180,3,0.6950000000000001,7,3.1496614972904817,3.633501332397744,3.3760290531602855
181,3,0.6499999999999999,7,3.9228785563330337,4.412883305891906,4.133889324827313
182,3,0.59,7,5.4112242109135185,5.906214826155931,5.609980910606376
183,3,0.98,8,0.22001004684541278,0.22001004684541278,100000.0
184,3,0.9,8,0.9132042619548904,0.9132042619548904,100000.0
185,3,0.865,8,1.2209267726198227,1.2209267726198227,100000.0
186,3,0.835,8,1.4987415600710963,1.4987415600710972,100000.0
187,3,0.815,8,1.6938258364769803,1.6938258364769803,100000.0
188,3,0.785,8,2.0053882994063823,2.0053882994063823,100000.0
189,3,0.775,8,2.1152400468716968,2.115240046871697,100000.0
190,3,0.71,8,2.929294647573111,2.9292946475731103,100000.0
191,3,0.7050000000000001,8,3.0010713017844015,3.0010713017844015,100000.0
192,3,0.6499999999999999,8,3.9228785563330337,3.9228785563330337,100000.0
193,3,0.64,8,4.1248978532222855,4.124897853222285,100000.0
194,3,0.635,8,4.231222319520956,4.231222319520956,100000.0
195,3,0.56,8,6.585542634590679,6.585542634590683,100000.0
196,3,0.5449999999999999,8,7.41714334957778,7.417143349577793,100000.0
197,3,0.53,8,8.588154399570556,8.588154399570556,100000.0
198,3,0.51,8,11.758849814749984,11.758849814750054,100000.0
199,3,0.505,8,13.758921960925484,13.758921960925871,100000.0
200,4,0.775,1,2.1152400468716963,100000.0,0.11524004687169648
201,4,0.735,1,2.5924675194380176,100000.0,0.5924675194380176
202,4,0.71,1,2.929294647573111,100000.0,0.929294647573111
203,4,0.64,1,4.1248978532222855,100000.0,2.1248978532222855
204,4,0.625,1,4.455898552890386,100000.0,2.4558985528903867
205,4,0.565,1,6.353981048362945,100000.0,4.353981048362943
206,4,0.5249999999999999,1,9.114488217416852,100000.0,7.114488217416829
207,4,0.92,2,0.7422149776146652,6.5452067712325865,-1.2317103619777579
208,4,0.9,2,0.9132042619548906,6.884739400425765,-1.063619279395536
209,4,0.86,2,1.2661730071531008,7.561186465962653,-0.7153357157557594
210,4,0.69,2,3.2266579580736003,10.676871806508464,1.2349313074488015
211,4,0.655,2,3.8267074866979143,11.45231925655284,1.8340313215317225
212,4,0.91,3,0.8274352110102235,5.114469002091731,-1.096704076306052
213,4,0.9,3,0.9132042619548906,5.2530098870542385,-1.0137299704785925
214,4,0.87,3,1.1760491166970404,5.671071720034709,-0.7585097912747977
215,4,0.655,3,3.8267074866979143,9.248993935288455,1.8607496740335265
216,4,0.99,4,0.12153852365273278,3.2057805386753047,-1.6974592434124522
217,4,0.895,4,0.9563691957646873,4.594626051208601,-0.9228486432896117
218,4,0.875,4,1.1315169114520658,4.874883171010987,-0.7565260897131451
219,4,0.855,4,1.311810849631782,5.158186770254635,-0.5842322972218885
220,4,0.79,4,1.951667488682656,6.118508355767493,0.03431127402892325
221,4,0.6950000000000001,4,3.1496614972904813,7.730715889863234,1.211232200086978
222,4,0.6599999999999999,4,3.733482423198054,8.442022632259915,1.7897428760627188
223,4,0.645,4,4.022200062294856,8.779795082684359,2.076543812406645
224,4,0.5700000000000001,4,6.139493820474651,11.080298210231504,4.1872480806117
225,4,0.78,5,2.0599009393080627,5.55752331790204,0.19364040746690203
226,4,0.63,5,4.341452106036329,8.35607449793052,2.4335919336933634
227,4,0.565,5,6.353981048362945,10.500042872932273,4.437859293091032
228,4,0.985,6,0.1719545674039589,2.3302600937486884,-1.4621382415947441
229,4,0.87,6,1.1760491166970404,3.9324921059566185,-0.5928956855772822
230,4,0.865,6,1.2209267726198227,4.000855504592239,-0.552058652784407
231,4,0.84,6,1.451305161980677,4.346949694454904,-0.3405059895505914
232,4,0.825,6,1.5951658981087717,4.558917850382183,-0.2069355768698355
233,4,0.75,6,2.4056664334479714,5.693842231467547,0.5614689941428065
234,4,0.62,6,4.574911042988198,8.318303693606087,2.6868659122652945
235,4,0.89,7,0.9997575268987869,3.1376707456236987,-0.628394172097904
236,4,0.825,7,1.5951658981087717,3.930512065207687,-0.0862411157329228
237,4,0.645,7,4.022200062294856,6.794386398661189,2.2505381757158864
238,4,0.625,7,4.455898552890386,7.262343919317524,2.6784426225981366
239,4,0.54,7,7.757404003181612,10.658549959392078,5.964740705133388
240,4,0.52,7,9.758561092848206,12.668238198769327,7.964583753715204
241,4,0.985,8,0.1719545674039589,1.644230612620413,-1.1832573896729783
242,4,0.75,8,2.4056664334479714,4.486503766612343,0.7947343110787697
243,4,0.7,8,3.074497552228967,5.26197877201693,1.4320905610792376
244,4,0.6,8,5.105347548540012,7.457767423558989,3.4197523406706845
245,4,0.575,8,5.939715726410954,8.31897989238129,4.247658902779036
246,4,0.515,8,10.588804539203439,13.00238253473503,8.888701839404447
247,4,0.51,8,11.758849814749984,14.17323834338836,10.058559900530685
248,4,0.79,9,1.951667488682656,3.6810320807265793,0.4695105331733414
249,4,0.745,9,2.4667929478865056,4.297822766731505,0.9428575384507123
250,4,0.655,9,3.8267074866979143,5.831846311353471,2.2400361040129644
251,4,0.635,9,4.231222319520956,6.267615267955887,2.6343300241737446
252,4,0.55,9,7.1126776729218015,9.239477722258263,5.487809703229087
253,4,0.975,10,0.2664910827795895,1.3251873966376482,-0.7899102291284218
254,4,0.88,10,1.087306805968979,2.447060974392281,-0.20040500198596134
255,4,0.87,10,1.1760491166970404,2.5645177855369985,-0.1296996011731422
256,4,0.855,10,1.3118108496317817,2.742738538645459,-0.01956802313873094
257,4,0.845,10,1.4043536543945354,2.863200134049297,0.05676482269207495
258,4,0.8200000000000001,10,1.6442035862539601,3.171530822671701,0.258870808109035
259,4,0.72,10,2.790367575967658,4.5697220666987075,1.287148533074043
260,4,0.6950000000000001,10,3.1496614972904813,4.984619517497512,1.624193283535286
261,4,0.64,10,4.1248978532222855,6.066604731499376,2.559901826567955
262,4,0.59,10,5.4112242109135185,7.4257764758599825,3.8214433926884195
263,4,0.565,10,6.353981048362945,8.394330946558773,4.755815526751934
264,4,0.995,11,0.06705396331625271,0.8411675954175758,-0.6650058462391729
265,4,0.98,11,0.2200100468454126,1.0459596762551,-0.5820234363880679
266,4,0.885,11,1.0433950878678342,2.1076245228059354,-0.018096290208855
267,4,0.77,11,2.171441877707088,3.4679856559109177,0.9255819278628371
268,4,0.595,11,5.254309721159073,6.790224486308346,3.864435910835291
269,4,0.585,11,5.5770068216126525,7.120390958575576,4.183216669572725
270,4,0.95,12,0.48680632780128574,1.189999094279909,-0.13907602800190566
271,4,0.895,12,0.9563691957646873,1.7747341717848077,0.16421104265054015
272,4,0.88,12,1.087306805968979,1.9355932768217596,0.25686993374921596
273,4,0.83,12,1.5466869436985708,2.491061763272592,0.6045431403741532
274,4,0.61,12,4.828262256216293,6.084241063289421,3.610930758326113
275,4,0.88,13,1.087306805968979,1.7114699927403294,0.5969255933096882
276,4,0.85,13,1.3578633441515378,2.0251398507998073,0.7910746486001283
277,4,0.815,13,1.693825836476981,2.4084452333718356,1.0499359267678592
278,4,0.6699999999999999,13,3.5551442232610113,4.420059349977826,2.704196684327776
279,4,0.56,13,6.585542634590679,7.501927826073527,5.674303306940607
280,4,0.5549999999999999,13,6.837162119030516,7.754644668823299,5.924687164080907
281,4,0.54,13,7.757404003181612,8.677587729509781,6.841896010882768
282,4,0.5349999999999999,13,8.143056128913184,9.063946246386925,7.22675694521369
283,4,0.505,13,13.758921960925678,14.682059747470149,12.840110735467217
284,4,0.885,14,1.0433950878678342,1.4809902035642717,0.9777642789457505
285,4,0.875,14,1.1315169114520658,1.582572234871957,1.0285635317458364
286,4,0.765,14,2.228544446511899,2.811403160041485,1.8177237474877166
287,4,0.635,14,4.231222319520956,4.909462474724794,3.6459794455775123
288,4,0.5549999999999999,14,6.837162119030516,7.538433893358923,6.214343449725403
289,4,0.515,14,10.588804539203439,11.293884339663606,9.959922932984894
290,4,0.505,14,13.758921960925678,14.464267988612455,13.129618030063254
291,4,0.95,15,0.48680632780128574,0.6564600464088365,1.6589034303032872
292,4,0.515,15,10.588804539203439,10.867675671184502,11.097090614012746
293,4,0.7949999999999999,16,1.8987053540387284,1.8987053540387293,100000.0
294,4,0.725,16,2.7230691635053654,2.7230691635053654,100000.0
295,4,0.7,16,3.0744975522289666,3.074497552228966,100000.0
296,4,0.665,16,3.6430177112311646,3.643017711231166,100000.0
297,4,0.645,16,4.022200062294855,4.022200062294856,100000.0
298,4,0.5449999999999999,16,7.417143349577778,7.417143349577769,100000.0
299,4,0.5,16,100000.0,100000.0,100000.0
300,5,0.595,1,5.254309721159073,100000.0,2.9323816262717064
301,5,0.855,2,1.3118108496317824,9.393211511598428,-1.0047810284553313
302,5,0.725,2,2.7230691635053645,12.030652289574288,0.40341960380370834
303,5,0.6799999999999999,2,3.386565778106363,13.036999634825465,1.0664339664533884
304,5,0.635,2,4.231222319520955,14.164812651363244,1.9107702303058773
305,5,0.85,3,1.3578633441515378,7.70439671382757,-0.9462261892076245
306,5,0.75,3,2.405666433447972,9.465558657509302,0.09459178821817611
307,5,0.935,4,0.6148037628741923,5.550342904481277,-1.6591925370962064
308,5,0.9299999999999999,4,0.6572715292295058,5.63390861960958,-1.618092898374761
309,5,0.855,4,1.3118108496317824,6.879491668989273,-0.9793736423489133
310,5,0.79,4,1.9516674886826548,8.002533722636384,-0.34833364443744846
311,5,0.685,4,3.305589204134573,10.04670262622649,0.9972109770101205
312,5,0.96,5,0.4002864747328602,4.535482350135788,-1.8371102999554283
313,5,0.935,5,0.6148037628741923,4.936970329177591,-1.6331363006046995
314,5,0.785,5,2.0053882994063823,7.360302610352779,-0.2808498815803506
315,5,0.515,5,10.588804539203439,17.09928429069944,8.282788181669531
316,5,0.915,6,0.7847724426280446,4.872598486245716,-1.4497155081212232
317,5,0.81,6,1.7440592313513825,6.57509719375128,-0.5262711707380952
318,5,0.765,6,2.2285444465118984,7.362935777362162,-0.051713443732049266
319,5,0.6599999999999999,6,3.733482423198054,9.503823642692609,1.4382313815817684
320,5,0.56,6,6.58554263459068,12.748881119316232,4.283885404563342
321,5,0.885,7,1.0433950878678355,4.8256516614493075,-1.169668953858158
322,5,0.6499999999999999,7,3.922878556333034,8.858331554782716,1.6488851665286954
323,5,0.95,8,0.48680632780128574,3.5333151493235313,-1.6490000828032048
324,5,0.75,8,2.405666433447972,6.442893903712118,0.17439973677729148
325,5,0.615,8,4.698883487927064,9.261473020928896,2.4393365902800124
326,5,0.94,9,0.5722756686923114,3.411179094577946,-1.5324516618492177
327,5,0.85,9,1.3578633441515378,4.644889236499937,-0.8081309952022652
328,5,0.775,9,2.1152400468716954,5.758747473544289,-0.086363483086833
329,5,0.75,9,2.405666433447972,6.16384949584123,0.19450633105679793
330,5,0.685,9,3.305589204134573,7.343298301246271,1.074291275540587
331,5,0.94,10,0.5722756686923114,3.233581315527238,-1.501413569057149
332,5,0.75,10,2.405666433447972,6.036511824444563,0.20516951091930546
333,5,0.64,10,4.124897853222286,8.233337403381533,1.8891316272705603
334,5,0.99,11,0.12153852365273313,2.2704230862089076,-1.831751142733193
335,5,0.735,11,2.5924675194380185,5.910249296332212,0.42300395644685884
336,5,0.945,12,0.5296315252414071,2.716337358662301,-1.434485380024598
337,5,0.935,12,0.6148037628741923,2.8468503276846824,-1.3618228032376112
338,5,0.76,12,2.286587680659078,5.251514998880932,0.1623853817517806
339,5,0.685,12,3.305589204134573,6.551921680748064,1.1443135488221916
340,5,0.5,12,100000.0,100000.0,100000.0
341,5,0.995,13,0.06705396331625137,1.8344342327501773,-1.7531420627601568
342,5,0.8,13,1.8464701049751049,4.386860787477456,-0.20334156083700614
343,5,0.85,14,1.3578633441515378,3.5310773482208524,-0.6024330108195864
344,5,0.715,14,2.8590855730860745,5.485506159410497,0.7920413369246833
345,5,0.685,14,3.305589204134573,6.021990899113397,1.2217859100718789
346,5,0.835,15,1.498741560071097,3.4775571640528735,-0.4010178751013857
347,5,0.665,15,3.6430177112311646,6.050294719174981,1.6224467246692609
348,5,0.625,15,4.455898552890387,6.940230983115906,2.4180014462772013
349,5,0.635,16,4.231222319520955,6.431876457370923,2.2632034427307097
350,5,0.54,16,7.757404003181611,10.067877631209045,5.760281886561543
351,5,0.9,17,0.9132042619548897,2.4047542876569685,-0.7746844930922773
352,5,0.74,17,2.52904253570165,4.415496312562721,0.6620773559046301
353,5,0.655,17,3.8267074866979156,5.892183069446034,1.898635798470068
354,5,0.6499999999999999,17,3.922878556333034,5.997509949289898,1.9919447928172969
355,5,0.61,17,4.828262256216292,6.968348161639244,2.8775442935546254
356,5,0.585,17,5.5770068216126525,7.74977381236665,3.6168378363965545
357,5,0.5700000000000001,17,6.1394938204746525,8.3283468599301,4.174773095146428
358,5,0.945,18,0.5296315252414071,1.8233826003338556,-1.0362358419974338
359,5,0.895,18,0.9563691957646876,2.3946118246390156,-0.7012330018416991
360,5,0.8200000000000001,18,1.6442035862539601,3.2855594863819584,-0.12015305216502796
361,5,0.7,18,3.0744975522289693,5.0155987155575215,1.1877866511039603
362,5,0.78,19,2.059900939308064,3.6524006543234355,0.3191814532780492
363,5,0.51,19,11.758849814749984,13.767203081983292,9.849185510218758
364,5,0.505,19,13.758921960925573,15.767794076569283,11.849086076749506
365,5,1.0,20,-0.0,0.888324930119184,-1.2008777791329706
366,5,0.81,20,1.7440592313513825,3.155766398724344,0.10220493710864541
367,5,0.605,20,4.963555946784556,6.787706239515834,3.120390898360799
368,5,0.71,21,2.92929464757311,4.415349873519343,1.244447481104932
369,5,0.56,21,6.585542634590681,8.275754254133178,4.798698458120847
370,5,0.9299999999999999,22,0.6572715292295058,1.5586872385788668,-0.5588383322136026
371,5,0.75,22,2.405666433447972,3.7133958969868575,0.8302479189808489
372,5,0.955,23,0.44372271540943375,1.1812546335759941,-0.5571263539813456
373,5,0.845,23,1.404353654394535,2.3642802399764578,0.12364396395779627
374,5,0.8200000000000001,23,1.6442035862539601,2.6508026120774257,0.31570651273511
375,5,0.5349999999999999,23,8.143056128913178,9.497086313286589,6.537082334052486
376,5,0.94,24,0.5722756686923114,1.2388010863861942,-0.3151630179091626
377,5,0.92,24,0.7422149776146652,1.4451464441377053,-0.20517936148952182
378,5,0.905,24,0.8702357425041894,1.6000075659272703,-0.11890589354679863
379,5,0.565,24,6.353981048362943,7.531847032504382,4.87372839521016
380,5,0.7,25,3.0744975522289697,4.008559375704205,1.8216662702302726
381,5,0.56,25,6.585542634590681,7.623518024449808,5.226613174352413
382,5,0.855,26,1.3118108496317824,1.9537696796767854,0.4671932006362545
383,5,0.81,26,1.7440592313513825,2.455159889620009,0.7837474419936953
384,5,0.55,26,7.112677672921798,8.068424302221782,5.8364034535177725
385,5,0.935,27,0.614803762874192,1.0357213731750792,0.2753777780808737
386,5,0.8049999999999999,27,1.794931198597939,2.384913697435457,1.0479777089606397
387,5,0.74,27,2.52904253570165,3.1884186878644876,1.6538602116939598
388,5,0.5700000000000001,27,6.1394938204746525,6.900530683342617,5.104123616234921
389,5,0.7050000000000001,28,3.0010713017844037,3.5717243175494553,2.2931576372516207
390,5,0.6950000000000001,28,3.1496614972904813,3.7271679708371095,2.427724563849521
391,5,0.92,30,0.7422149776146652,0.9252648731191357,1.489301750297115
392,5,0.83,30,1.5466869436985713,1.795435958129199,1.883350405769204
393,5,0.855,31,1.311810849631782,1.4264677885127075,2.7002023669721957
394,5,0.84,31,1.4513051619806765,1.5702947015499513,2.788322663013671
395,5,0.78,31,2.059900939308065,2.1929227924687855,3.2430039540581226
396,5,0.845,32,1.404353654394535,1.4043536543945356,100000.0
397,5,0.735,32,2.592467519438019,2.592467519438018,100000.0
398,5,0.63,32,4.34145210603633,4.341452106036335,100000.0
399,5,0.53,32,8.588154399570552,8.58815439957055,100000.0
400,6,0.655,4,3.826707486697915,12.852474766158064,1.2445155283414686
401,6,0.9299999999999999,5,0.6572715292295048,6.473622845914503,-1.9018588156146174
402,6,0.72,5,2.790367575967657,10.52939920887561,0.21217388470737936
403,6,0.6,5,5.10534754854001,13.643511641349969,2.524271164414502
404,6,0.565,5,6.353981048362945,15.028663907650905,3.7725533629695627
405,6,0.995,6,0.06705396331625153,4.779730035832427,-2.461812311085767
406,6,0.965,6,0.35637969567711175,5.422792087966275,-2.184871371138343
407,6,0.99,8,0.1215385236527319,4.231579291301033,-2.3773605927233197
408,6,0.87,8,1.176049116697042,6.232788508321229,-1.3649033573695348
409,6,0.785,9,2.005388299406383,7.396857759597939,-0.5447880949121894
410,6,0.645,9,4.022200062294857,10.326293196464507,1.4556120863790543
411,6,0.89,10,0.9997575268987875,5.461928633360144,-1.5182211001016084
412,6,0.765,10,2.2285444465118993,7.618799618458256,-0.3216023004029161
413,6,0.8200000000000001,11,1.644203586253961,6.304164088504903,-0.8825323529157236
414,6,0.6950000000000001,11,3.1496614972904817,8.621465937796533,0.5975793792432083
415,6,0.565,11,6.353981048362945,12.42492159104841,3.7906402387203513
416,6,0.9,12,0.91320426195489,4.807377587784839,-1.5713098847410665
417,6,0.585,13,5.577006821612653,10.949659154695732,3.0272927400465472
418,6,0.89,15,0.9997575268987875,4.354939109791532,-1.4368498395844533
419,6,0.935,16,0.614803762874194,3.5623642083645883,-1.7698642374787357
420,6,0.875,17,1.1315169114520671,4.254630718695113,-1.2775609306182052
421,6,0.86,17,1.2661730071530994,4.461802499089059,-1.1520455894402926
422,6,0.83,17,1.5466869436985708,4.88719988322377,-0.8883227450909978
423,6,0.61,17,4.828262256216293,9.132136645762463,2.3182568191407285
424,6,0.5700000000000001,17,6.139493820474652,10.54949284700997,3.624042230491219
425,6,0.79,18,1.9516674886826564,5.428781388246463,-0.4975478548881373
426,6,0.595,18,5.254309721159073,9.578920383560876,2.743206752195027
427,6,0.51,18,11.758849814749967,16.228361720817965,9.240523248540468
428,6,0.5,19,100000.0,100000.0,100000.0
429,6,0.84,20,1.4513051619806785,4.422809585983031,-0.9368951266839752
430,6,0.785,20,2.005388299406383,5.235914592298203,-0.41704845909240484
431,6,0.78,20,2.0599009393080627,5.313896748372627,-0.3653091311659182
432,6,0.72,21,2.7903675759676565,6.166431068075136,0.35151662584091287
433,6,0.92,22,0.7422149776146638,3.123191790625972,-1.5352115573376819
434,6,0.965,23,0.35637969567711175,2.428529838292293,-1.8368151964281458
435,6,0.74,23,2.5290425357016515,5.5363713757131015,0.13568116837859348
436,6,0.875,24,1.1315169114520671,3.4719347783253425,-1.1361031470428238
437,6,0.7,24,3.074497552228967,6.089502527267899,0.6800492447488875
438,6,0.775,25,2.1152400468716963,4.7336731988510605,-0.21328999438983798
439,6,0.61,27,4.828262256216293,7.727634131354146,2.450910845012349
440,6,0.5,27,100000.0,100000.0,100000.0
441,6,0.785,28,2.0053882994063836,4.2671674019831745,-0.24220868945673732
442,6,0.675,28,3.4697074359871736,6.074994870016692,1.1437484908453543
443,6,0.77,29,2.1714418777070885,4.360496416196181,-0.05636985832937531
444,6,0.6699999999999999,29,3.555144223261011,6.0275990348423685,1.2568101927221746
445,6,0.835,30,1.4987415600710976,3.3972006717780605,-0.6356837111498642
446,6,0.685,30,3.305589204134573,5.628714434728871,1.042255669524161
447,6,0.605,30,4.963555946784553,7.467083898111559,2.658481258138512
448,6,0.5549999999999999,30,6.837162119030517,9.413828877932547,4.5168989121371785
449,6,0.955,31,0.4437227154094342,1.910583899002111,-1.4933914391215448
450,6,0.88,31,1.087306805968977,2.7576523999324514,-0.9535616283070806
451,6,0.88,32,1.087306805968977,2.663455004060313,-0.9082657656369394
452,6,0.95,33,0.4868063278012871,1.8382107769299076,-1.380512130374812
453,6,0.735,33,2.5924675194380145,4.471957795039554,0.4650581995330045
454,6,0.5549999999999999,33,6.837162119030517,9.038371284342029,4.605954566186448
455,6,0.74,34,2.5290425357016524,4.380398809012576,0.4122753341773654
456,6,0.685,35,3.305589204134573,5.214729613738569,1.1672684352945788
457,6,0.985,37,0.17195456740395765,1.2233437206092694,-1.4626293779592834
458,6,0.77,37,2.1714418777070885,3.7717094660085277,0.1638497939409559
459,6,0.73,37,2.6571234029368296,4.351730318464645,0.6052755644706547
460,6,0.56,37,6.585542634590679,8.581363112204084,4.417013502320793
461,6,0.565,38,6.353981048362947,8.30172310532116,4.201904645204688
462,6,0.83,39,1.5466869436985708,2.882932136504179,-0.31077636534450453
463,6,0.725,40,2.7230691635053654,4.2295431470051685,0.7639750479867686
464,6,0.51,41,11.75884981474997,13.476652592363443,9.696751686889945
465,6,0.905,42,0.870235742504188,1.8758071903974767,-0.7202767728518409
466,6,0.79,43,1.9516674886826564,3.147327323380025,0.19443952342128354
467,6,0.56,43,6.585542634590679,8.139247212397859,4.601429286727701
468,6,0.5800000000000001,44,5.752739964426182,7.220800648173749,3.814946340229461
469,6,0.775,45,2.1152400468716963,3.212079799448593,0.4395312122626552
470,6,0.62,46,4.574911042988196,5.845975438549954,2.761847655337364
471,6,0.9299999999999999,47,0.6572715292295043,1.3527823276316935,-0.541257882093564
472,6,0.925,47,0.6997275765376828,1.4041250670703,-0.5130332396681131
473,6,0.64,47,4.1248978532222855,5.2667979631683774,2.4107508559184043
474,6,0.895,48,0.9563691957646857,1.656587896464618,-0.2497279833543383
475,6,0.6799999999999999,48,3.386565778106364,4.4019363455662015,1.7863947441511117
476,6,0.765,49,2.2285444465118998,3.0840525335795212,0.8041726323854765
477,6,0.565,49,6.3539810483629475,7.408032580948471,4.7169191729873745
478,6,0.925,50,0.6997275765376828,1.2764196256772935,-0.28358791218638013
479,6,0.77,50,2.171441877707089,2.9878716883257783,0.7968600659828713
480,6,0.83,51,1.5466869436985702,2.2207309324338356,0.3835002278875694
481,6,0.725,51,2.7230691635053654,3.536517294911963,1.3524146311288952
482,6,0.6799999999999999,51,3.386565778106364,4.24899654493354,1.9536866864116598
483,6,0.63,51,4.341452106036331,5.246985519065368,2.8575779096372558
484,6,0.625,51,4.455898552890386,5.365003350196957,2.967945363677452
485,6,0.6699999999999999,52,3.5551442232610104,4.374884577488698,2.176223917737183
486,6,0.53,52,8.588154399570554,9.480874738733538,7.119094432408769
487,6,0.975,53,0.2664910827795909,0.646598369147511,-0.20830036734157248
488,6,0.91,54,0.8274352110102238,1.2571270612736591,0.19938215473799295
489,6,0.605,55,4.963555946784552,5.611090397478489,3.846008570178061
490,6,0.99,57,0.12153852365273139,0.3417362754463165,0.3571695383564067
491,6,0.5349999999999999,57,8.143056128913178,8.66212612723817,7.2846208190555695
492,6,0.52,57,9.758561092848206,10.278408885410451,8.898331221460092
493,6,0.675,59,3.4697074359871736,3.8303279851940406,3.061514113467194
494,6,0.785,61,2.0053882994063836,2.198267819482327,2.418785769615222
495,6,0.605,61,4.963555946784552,5.194932460434233,5.133187919790715
496,6,0.53,61,8.588154399570554,8.821754109235881,8.745072075118886
497,6,0.735,62,2.5924675194380122,2.746062669494394,3.3151831155253446
498,6,0.635,63,4.231222319520955,4.307049112122382,5.933922024093753
499,6,0.8,64,1.8464701049751033,1.8464701049751067,100000.0
500,7,0.85,1,1.3578633441515369,100000.0,-1.4494915779060686
501,7,0.945,3,0.5296315252414071,8.94952971419284,-2.273504805735025
502,7,0.715,3,2.8590855730860745,14.126353952766763,0.05231608362615732
503,7,0.885,4,1.0433950878678353,9.497646073776515,-1.7598406496116141
504,7,0.86,4,1.2661730071530986,10.043712294865285,-1.5378906167915096
505,7,0.825,4,1.5951658981087757,10.819236027617556,-1.2097745856783153
506,7,0.62,4,4.574911042988199,15.95549069578911,1.7680973238766557
507,7,0.89,6,0.9997575268987885,8.320283529563039,-1.7985434330523549
508,7,0.655,7,3.826707486697915,12.92773922572573,1.0219821466838002
509,7,0.565,7,6.353981048362945,15.95955052123576,3.548479183761277
510,7,0.5549999999999999,8,6.837162119030515,15.977948996032985,4.032365243695091
511,7,0.55,8,7.112677672921799,16.26753206085556,4.307855953851502
512,7,0.515,8,10.588804539203421,19.805081305666597,7.783877144385695
513,7,0.95,9,0.4868063278012853,6.026790195524979,-2.28920255116148
514,7,0.61,10,4.828262256216294,13.35042936124652,2.024836839899411
515,7,0.645,11,4.022200062294859,11.85335053575658,1.2211943349281849
516,7,0.815,12,1.6938258364769776,7.807622380436395,-1.092544857181993
517,7,0.625,12,4.455898552890385,12.145306042199303,1.6555498925537784
518,7,0.92,13,0.7422149776146697,5.717989353386847,-2.018547969674617
519,7,0.945,16,0.5296315252414071,4.789360204473098,-2.200373683250805
520,7,0.59,16,5.411224210913519,12.038006135918579,2.6185423609160585
521,7,0.5349999999999999,16,8.14305612891318,14.922375340974611,5.348895329166713
522,7,0.5549999999999999,17,6.837162119030515,13.475136823774145,4.044366298097945
523,7,0.61,18,4.828262256216294,11.234664000987596,2.038016470460203
524,7,0.69,20,3.226657958073598,8.84491157202676,0.4489766433564282
525,7,0.975,23,0.26649108277959244,3.5797103032853337,-2.3878898399778894
526,7,0.99,24,0.12153852365273574,3.235602283753263,-2.5087541701866503
527,7,0.86,24,1.2661730071530986,5.204173816548507,-1.443842938282327
528,7,0.8200000000000001,24,1.6442035862539603,5.829962087887288,-1.0816151684489614
529,7,0.71,24,2.9292946475731125,7.805519122100825,0.17191849325585454
530,7,0.59,25,5.4112242109135185,10.772182684988575,2.6394081398199276
531,7,0.8200000000000001,26,1.6442035862539603,5.637132740443409,-1.0695693072222154
532,7,0.595,27,5.254309721159073,10.327226150269288,2.4904666191388216
533,7,0.745,28,2.4667929478865065,6.66330946029794,-0.25964886115623903
534,7,0.765,29,2.2285444465119006,6.1905940662605135,-0.48313519529304605
535,7,0.975,34,0.26649108277959244,2.798402506466504,-2.2669810388124825
536,7,0.5,34,100000.0,100000.0,100000.0
537,7,0.925,35,0.6997275765376844,3.421241067631361,-1.8704179867737902
538,7,0.7,37,3.0744975522289657,6.743423252264287,0.3852773546952816
539,7,0.94,38,0.5722756686923106,3.06302575483498,-1.9524409230549065
540,7,0.83,39,1.5466869436985733,4.478655276336367,-1.0580368147323722
541,7,0.87,40,1.1760491166970426,3.8657459626920723,-1.3883358326221513
542,7,0.725,47,2.7230691635053663,5.59529816086755,0.1275723680653336
543,7,0.865,49,1.220926772619825,3.446895991584129,-1.2394787992091463
544,7,0.615,49,4.698883487927059,7.814927074294518,2.0683324701323333
545,7,0.7050000000000001,51,3.001071301784403,5.720512028475705,0.4312964769821682
546,7,0.76,52,2.2865876806590775,4.759103403591467,-0.23415215835467
547,7,0.96,54,0.40028647473286233,2.085339520961272,-1.8696621787824423
548,7,0.845,55,1.4043536543945387,3.4264617327750395,-0.995258477307833
549,7,0.81,55,1.7440592313513854,3.880996710408265,-0.6911603873111695
550,7,0.74,58,2.5290425357016497,4.737050357976091,0.07355900974851108
551,7,0.72,63,2.7903675759676583,4.751043478056319,0.4114000415476437
552,7,0.91,67,0.8274352110102215,2.2106582857317227,-1.2824168557935611
553,7,0.77,68,2.17144187770709,3.874509709625107,-0.10656484323372302
554,7,0.995,73,0.06705396331625404,1.0744217250830077,-1.7476312848672906
555,7,0.565,74,6.353981048362944,8.299467763881692,3.9803022721491272
556,7,0.9299999999999999,75,0.6572715292295068,1.784359320416749,-1.2668766838252554
557,7,0.7,78,3.0744975522289653,4.644173048996211,0.859809808853169
558,7,0.98,81,0.22001004684541128,1.0784466382707454,-1.4303641346934883
559,7,0.52,82,9.758561092848197,11.429831714124191,7.4948766761170384
560,7,0.59,83,5.4112242109135185,6.990313424375667,3.1917774240328742
561,7,0.605,87,4.963555946784556,6.37778082491584,2.834760722325434
562,7,0.8,88,1.8464701049751078,2.902259379279181,-0.01459679059336293
563,7,0.71,88,2.929294647573114,4.151551887988098,0.9293960415772445
564,7,0.81,89,1.744059231351386,2.752136421527449,-0.07132791092196081
565,7,0.5249999999999999,90,9.114488217416865,10.477031972198816,7.01764343043431
566,7,0.86,92,1.2661730071530974,2.10015178139489,-0.3535405055258848
567,7,0.565,94,6.353981048362944,7.522772868135154,4.3955302194838985
568,7,0.94,95,0.5722756686923106,1.196000605478365,-0.7246505155305444
569,7,0.92,95,0.742214977614672,1.3970389100910154,-0.6105034364275037
570,7,0.76,95,2.286587680659078,3.1878353076182804,0.58524468238428
571,7,0.715,95,2.859085573086076,3.824038405119268,1.08765045728724
572,7,0.645,95,4.02220006229486,5.071522567789441,2.1671532664338
573,7,0.875,96,1.1315169114520665,1.8271364226645503,-0.28958040066433227
574,7,0.73,96,2.6571234029368354,3.5627194019176245,0.9507851173239537
575,7,0.6699999999999999,96,3.5551442232610104,4.534816037071233,1.7684080187608486
576,7,0.53,96,8.588154399570566,9.664370887914675,6.70840821000113
577,7,0.74,98,2.5290425357016497,3.386917794816274,0.8793590379010542
578,7,0.615,98,4.698883487927056,5.695035917431827,2.89538642502129
579,7,0.88,99,1.08730680596898,1.7197197207424435,-0.22554647675166054
580,7,0.71,99,2.9292946475731143,3.798229593118833,1.266112400880797
581,7,0.925,101,0.6997275765376849,1.2269820271497356,-0.39982497843116593
582,7,0.895,101,0.956369195764686,1.5261584125166914,-0.23518935219753104
583,7,0.985,102,0.17195456740396126,0.5945126302117816,-0.6577296462408352
584,7,0.645,103,4.02220006229486,4.847393971976672,2.413790267886165
585,7,0.8200000000000001,104,1.6442035862539615,2.2480592286667784,0.3847513217938907
586,7,0.6499999999999999,106,3.922878556333039,4.6624454946686225,2.433558486547712
587,7,0.915,108,0.7847724426280429,1.1841547711252187,0.025428870926672304
588,7,0.79,108,1.951667488682652,2.4967430090533647,0.8125180533512761
589,7,0.73,111,2.6571234029368367,3.169252683572377,1.5924526414638778
590,7,0.9299999999999999,113,0.6572715292295074,0.9400010048908971,0.34024561265467435
591,7,0.51,114,11.75884981475,12.267111315396402,10.70329600166266
592,7,0.8200000000000001,116,1.644203586253962,1.9617947505470363,1.1762560430569737
593,7,0.675,116,3.46970743598717,3.8796520810615718,2.677739842944502
594,7,0.76,119,2.286587680659078,2.564037073353194,1.9942047458886356
595,7,0.74,120,2.5290425357016493,2.786053614314106,2.337149841706223
596,7,0.52,122,9.758561092848192,9.9926043176882,9.690565596214295
597,7,0.7,123,3.074497552228964,3.2547625420176196,3.3569119785086103
598,7,0.605,124,4.963555946784556,5.120854107401171,5.4313282455815255
599,7,0.6499999999999999,127,3.9228785563330404,3.9618251170695244,6.346079736242374
600,8,0.885,4,1.0433950878678357,11.004186310221618,-1.9551564885344916
601,8,0.99,6,0.12153852365272738,7.381887715808347,-2.869020609547408
602,8,0.825,7,1.5951658981087766,10.730704826361396,-1.4022667247717024
603,8,0.75,10,2.40566643344797,11.564705332415794,-0.5918077068555081
604,8,0.835,13,1.498741560071095,8.773209492618475,-1.4919098128155621
605,8,0.895,14,0.9563691957646909,7.397473746513728,-2.026930666213586
606,8,0.92,16,0.7422149776146625,6.567433122967577,-2.2321125611760135
607,8,0.71,16,2.929294647573114,10.786798605804869,-0.06447133327764963
608,8,0.55,17,7.112677672921797,15.938312777346459,4.115860937104007
609,8,0.6950000000000001,18,3.149661497290483,10.971948812430247,0.15604990490611922
610,8,0.875,28,1.1315169114520673,6.067190793381499,-1.8205558451901953
611,8,0.52,31,9.758561092848197,16.57330111576622,6.77143378764008
612,8,0.985,32,0.1719545674039544,3.9828718374404852,-2.7214038914506835
613,8,0.91,35,0.8274352110102263,5.010452765834335,-2.0908690913260095
614,8,0.95,38,0.486806327801288,4.236428270047666,-2.401740283613715
615,8,0.6499999999999999,44,3.9228785563330337,9.318705836352574,0.9575584748022321
616,8,0.595,45,5.254309721159077,10.8526061405996,2.28440100444064
617,8,0.56,46,6.585542634590675,12.245863976226241,3.614354905631736
618,8,0.885,48,1.0433950878678357,4.676395204372236,-1.8353628000422688
619,8,0.7949999999999999,51,1.898705354038734,5.925673618344532,-1.0099653275284661
620,8,0.6499999999999999,52,3.9228785563330337,8.76278716896676,0.9741542774850429
621,8,0.7949999999999999,54,1.898705354038734,5.7751385243607,-0.9995586381679811
622,8,0.885,59,1.043395087867836,4.201202977838828,-1.7851580908688434
623,8,0.925,63,0.6997275765376857,3.5105539278179907,-2.0784577624341205
624,8,0.99,65,0.12153852365272685,2.568840671842326,-2.5862455160495164
625,8,0.6699999999999999,65,3.555144223261009,7.495973566210342,0.6522859796045646
626,8,0.975,68,0.2664910827795918,2.7157266449840423,-2.441726690472036
627,8,0.955,69,0.44372271540943076,2.9600523195732835,-2.2791156106556896
628,8,0.83,69,1.5466869436985635,4.6282247960731,-1.2719489704358806
629,8,0.5449999999999999,70,7.417143349577785,11.679533645661659,4.494346609081608
630,8,0.975,77,0.2664910827795918,2.4858676842546816,-2.384762022161643
631,8,0.895,77,0.9563691957646916,3.522648866231946,-1.776830622890883
632,8,0.83,77,1.5466869436985633,4.397584011339308,-1.2380515876513527
633,8,0.865,79,1.220926772619827,3.8578009218521028,-1.5262007082641529
634,8,0.845,82,1.4043536543945312,4.050749942820902,-1.3445909002762744
635,8,0.815,84,1.693825836476983,4.413524850773426,-1.0686402983267613
636,8,0.685,86,3.305589204134571,6.532550744343975,0.4685406133141027
637,8,0.655,86,3.8267074866979223,7.178152578473945,0.9754678835281818
638,8,0.64,95,4.124897853222289,7.176075318324924,1.3103778415638945
639,8,0.895,99,0.9563691957646919,2.979950551364297,-1.6363688731446422
640,8,0.53,101,8.588154399570556,11.716513498123028,5.763360364515688
641,8,0.9299999999999999,110,0.6572715292295074,2.3447633802684327,-1.8064216343512158
642,8,0.775,110,2.115240046871694,4.293196106921956,-0.5244762743879836
643,8,0.64,111,4.12489785322229,6.6930490178552,1.391318162515618
644,8,0.645,112,4.022200062294854,6.541551359376744,1.2987225275410952
645,8,0.735,113,2.592467519438024,4.81509026985267,-0.05967198778151911
646,8,0.92,116,0.7422149776146619,2.34651033514613,-1.6823926587286409
647,8,0.6499999999999999,116,3.922878556333033,6.321060232901042,1.2263567707466896
648,8,0.925,118,0.6997275765376862,2.2535228111027608,-1.6994701024661074
649,8,0.94,121,0.572275668692309,2.032143195034355,-1.7758966657232262
650,8,0.77,126,2.1714418777070885,3.9597076124474664,-0.33542433156904855
651,8,0.96,133,0.4002864747328615,1.63504344471421,-1.8015629649600993
652,8,0.6,140,5.105347548540008,7.075419801325654,2.5305005343661504
653,8,0.59,143,5.411224210913522,7.339213736622494,2.8510867145184857
654,8,0.78,144,2.059900939308059,3.566173466062825,-0.3141212446055709
655,8,0.7,145,3.0744975522289666,4.7558046870871555,0.6135977695365898
656,8,0.63,145,4.341452106036329,6.170088023632551,1.8184536596015293
657,8,0.89,148,0.9997575268987929,2.202073816050109,-1.1776449602148185
658,8,0.95,150,0.48680632780128846,1.5290422976444906,-1.554228241166933
659,8,0.7949999999999999,154,1.8987053540387369,3.233135321148962,-0.3726038490167958
660,8,0.95,164,0.4868063278012887,1.3604050072107632,-1.3746449285392213
661,8,0.815,170,1.6938258364769838,2.764480151187688,-0.3735292142617708
662,8,0.7949999999999999,170,1.8987053540387377,3.009423256525887,-0.20411790331889762
663,8,0.98,171,0.2200100468454167,0.95694862618332,-1.4580213350762563
664,8,0.9299999999999999,171,0.6572715292295078,1.4901842135427426,-1.1537236636507406
665,8,0.97,173,0.3118498303526915,1.0467971686907478,-1.3631893871809717
666,8,0.885,175,1.0433950878678362,1.9106251453879879,-0.810366294277009
667,8,0.505,177,13.758921960925676,15.12703498420805,11.465899071834471
668,8,0.54,182,7.757404003181607,9.02773498714249,5.529822242012474
669,8,0.835,185,1.4987415600710936,2.324740372640728,-0.3033555715911749
670,8,0.915,188,0.784772442628044,1.445840233116077,-0.7713967691423246
671,8,0.885,188,1.0433950878678362,1.750112550215582,-0.5880812041198088
672,8,0.825,188,1.5951658981087795,2.3953015211700697,-0.17275940710705281
673,8,0.715,188,2.859085573086072,3.827632593265386,0.8912395884827797
674,8,0.89,189,0.9997575268987943,1.6861012101725543,-0.5988867429470733
675,8,0.79,190,1.9516674886826608,2.774751967426399,0.15335043825364075
676,8,0.99,194,0.12153852365272406,0.6132460185611663,-1.0866896320437405
677,8,0.71,195,2.929294647573118,3.798150557020217,1.0735629777015432
678,8,0.62,196,4.574911042988198,5.529495617640267,2.6218027243573294
679,8,0.53,196,8.58815439957055,9.589755184672976,6.586555388698279
680,8,0.6699999999999999,203,3.555144223261008,4.371764330395324,1.7652749032857307
681,8,0.62,207,4.574911042988198,5.369864583522471,2.8140062276426594
682,8,0.85,210,1.357863344151533,1.8770574634592005,0.08410394291186188
683,8,0.76,211,2.286587680659076,2.900063283855662,0.8161608289104786
684,8,0.5449999999999999,212,7.4171433495777945,8.171931064939985,5.712744389864129
685,8,0.56,214,6.585542634590669,7.305616042145552,4.933185750584091
686,8,0.835,215,1.4987415600710934,1.9793880445295577,0.31811709970434854
687,8,0.905,229,0.8702357425041889,1.135308098139413,0.44505145393955514
688,8,0.5349999999999999,229,8.143056128913196,8.611109635939723,6.994782317452822
689,8,0.73,230,2.6571234029368314,3.0469180587352365,1.7356153584864542
690,8,0.895,231,0.9563691957646954,1.2102718146801654,0.5878783107522748
691,8,0.605,238,4.963555946784564,5.280550533285597,4.305388534721829
692,8,0.99,239,0.12153852365272268,0.2448774827019848,0.7308345680864201
693,8,0.63,240,4.34145210603633,4.615848771276761,3.870908050782022
694,8,0.995,244,0.0670539633162564,0.15141696797509827,1.205042005000828
695,8,0.86,244,1.266173007153108,1.4087992398327311,1.675353776785982
696,8,0.615,248,4.698883487927073,4.847254612559024,5.053917437124767
697,8,0.595,248,5.254309721159086,5.40336617937293,5.60303191437806
698,8,0.6,249,5.1053475485400055,5.236917312934691,5.6254989971345415
699,8,0.765,253,2.2285444465119033,2.2814026451092424,4.025388156961843
700,9,0.91,15,0.8274352110102224,8.305322631427616,-2.334374069849213
701,9,0.8,15,1.8464701049750911,10.704462086907128,-1.3203423083293944
702,9,0.71,15,2.9292946475731068,12.933542138349543,-0.2392249294974458
703,9,0.97,20,0.3118498303526776,6.46423829763485,-2.8376487670560318
704,9,0.835,22,1.4987415600710945,8.963322756071985,-1.6629923079689353
705,9,0.8049999999999999,22,1.7949311985979386,9.614332362048078,-1.3685925738257692
706,9,0.975,23,0.26649108277959627,6.067992756369389,-2.8773320673096183
707,9,0.73,25,2.6571234029368322,10.935777762513718,-0.5081484014920236
708,9,0.925,27,0.6997275765376737,6.677596733518228,-2.447123313585598
709,9,0.665,27,3.643017711231159,12.367830561448715,0.47650666575127254
710,9,0.77,36,2.1714418777070916,8.983359651832961,-0.9855851092830445
711,9,0.94,39,0.5722756686922946,5.634003757205082,-2.5537935582871083
712,9,0.83,41,1.5466869436985706,7.450668666422359,-1.5989411579850457
713,9,0.635,45,4.231222319520959,11.65237373379183,1.06973951383594
714,9,0.92,48,0.7422149776146678,5.513463145859425,-2.3738878060032773
715,9,0.64,48,4.124897853222291,11.25425620424957,0.9653142540438744
716,9,0.735,56,2.592467519438015,8.462319873575801,-0.5525739010518567
717,9,0.9299999999999999,64,0.6572715292295,4.727126153987989,-2.4240829489714755
718,9,0.895,64,0.9563691957646873,5.251071943831447,-2.1381079797566027
719,9,0.7949999999999999,69,1.8987053540387417,6.75294932398295,-1.2204599299512364
720,9,0.76,73,2.2865876806590686,7.27105077634023,-0.8370296442231008
721,9,0.84,83,1.451305161980689,5.581761908217013,-1.63380204630268
722,9,0.655,83,3.8267074866979236,9.225474021356595,0.6913909675870213
723,9,0.655,111,3.826707486697924,8.293818546876922,0.7235320110645161
724,9,0.735,113,2.5924675194380145,6.551344504038371,-0.4815644127834307
725,9,0.54,128,7.75740400318161,12.08775823229394,4.66103746275456
726,9,0.91,130,0.8274352110102224,3.568591362734178,-2.108762785055335
727,9,0.755,140,2.34561358697303,5.660874066133965,-0.671565569065084
728,9,0.73,143,2.6571234029368322,6.0431552179686205,-0.3677484503847466
729,9,0.7050000000000001,144,3.001071301784406,6.490763807112227,-0.034341645237985746
730,9,0.61,155,4.828262256216303,8.558872013735252,1.771328551445907
731,9,0.64,161,4.124897853222293,7.616489903071322,1.08929941397001
732,9,0.52,166,9.758561092848202,13.509188143266103,6.700008784081749
733,9,0.515,170,10.588804539203403,14.271304732198816,7.535861833778161
734,9,0.965,174,0.35637969567711175,2.334786678828069,-2.391237713023976
735,9,0.675,180,3.4697074359871722,6.509209974626322,0.486871563026829
736,9,0.5249999999999999,188,9.114488217416866,12.419608463800913,6.098445993203477
737,9,0.95,197,0.4868063278012806,2.2815962417665205,-2.1926350408329838
738,9,0.8,198,1.8464701049750902,4.1370625453494805,-0.9935853744088952
739,9,0.59,204,5.411224210913519,8.348306832913648,2.4431607332538157
740,9,0.845,215,1.4043536543945287,3.3510361922217538,-1.332314306609138
741,9,0.88,222,1.0873068059689737,2.8518222376489426,-1.5796929278474903
742,9,0.895,229,0.9563691957646866,2.6116914477742847,-1.6625268801136923
743,9,0.835,230,1.4987415600710936,3.3147670727636416,-1.1892103120199176
744,9,0.755,242,2.3456135869730295,4.254515399986386,-0.3775830946877829
745,9,0.91,243,0.8274352110102219,2.314691129816225,-1.7060750307028445
746,9,0.635,247,4.231222319520961,6.389087607215031,1.4273316273291838
747,9,0.675,248,3.469707435987172,5.5142251920910335,0.7002808026077182
748,9,0.815,254,1.6938258364769887,3.3016352638459776,-0.9024258656862235
749,9,0.845,260,1.4043536543945283,2.9006866778031246,-1.1341649877957074
750,9,0.645,260,4.022200062294849,5.997536706504024,1.2756282722271026
751,9,0.685,264,3.3055892041345634,5.165910867394132,0.6004370898980816
752,9,0.515,264,10.588804539203403,12.721804397885938,7.792175602557798
753,9,0.92,265,0.7422149776146689,2.039637058715138,-1.6741727297592672
754,9,0.54,266,7.757404003181608,9.867746161883353,4.967534713495263
755,9,0.51,267,11.758849814750052,13.875703850609465,8.967023647119511
756,9,0.97,273,0.3118498303526744,1.4485825444538,-1.982963397056366
757,9,0.5,277,100000.0,100000.0,100000.0
758,9,0.865,281,1.2209267726198236,2.5373560694985344,-1.208355091058925
759,9,0.665,282,3.6430177112311584,5.425593681071815,0.9685515239685546
760,9,0.5349999999999999,282,8.143056128913171,10.13552172237471,5.3906888650566005
761,9,0.55,285,7.112677672921798,9.06177299104344,4.375165520121528
762,9,0.73,289,2.6571234029368327,4.228663120963196,0.07891941782289519
763,9,0.965,296,0.35637969567711175,1.3621967839046907,-1.819339033083164
764,9,1.0,313,-0.0,0.8285307728917665,-1.975292058648356
765,9,0.6699999999999999,324,3.5551442232610198,4.979133058905178,1.0579468633023115
766,9,0.515,329,10.588804539203403,12.157416561866725,8.012087295916151
767,9,0.83,330,1.5466869436985706,2.6131060163169493,-0.6867334247832062
768,9,0.5,338,100000.0,100000.0,100000.0
769,9,0.97,352,0.3118498303526724,0.9960964920318937,-1.4532705643666288
770,9,0.6599999999999999,357,3.7334824231980535,4.91112488491975,1.4054099469303782
771,9,0.6499999999999999,357,3.9228785563330226,5.114930258735909,1.5834902365442722
772,9,0.585,360,5.577006821612636,6.818624623590936,3.200183991260707
773,9,0.83,361,1.5466869436985702,2.4112829327247116,-0.47379689313423706
774,9,0.515,368,10.588804539203403,11.784632498489898,8.246483807612329
775,9,0.685,379,3.305589204134561,4.255317500464031,1.1877511005309656
776,9,0.72,392,2.790367575967661,3.6076678041893953,0.8296803439908227
777,9,0.5249999999999999,394,9.114488217416874,10.078206936115148,6.981780498055381
778,9,0.945,405,0.5296315252414027,0.9908101502216048,-0.7704727257526499
779,9,0.52,409,9.75856109284822,10.610130962190754,7.7541072970928075
780,9,0.935,421,0.6148037628741945,1.0135538890520934,-0.5051259112923425
781,9,0.6799999999999999,425,3.386565778106366,4.035667467952129,1.681293464798797
782,9,0.94,428,0.572275668692283,0.9341859787112142,-0.4254127595499418
783,9,0.895,434,0.9563691957646873,1.3343649546586849,-0.09635770697968266
784,9,0.885,434,1.0433950878678362,1.431326093186702,-0.04201374997747728
785,9,0.775,445,2.115240046871706,2.5418741715251416,0.9110741881283669
786,9,0.855,449,1.311810849631774,1.6457810508306718,0.4166261825277747
787,9,0.755,449,2.345613586973028,2.7608270253192657,1.1751608970282912
788,9,0.575,453,5.939715726410937,6.4224349042299425,4.583937086709987
789,9,1.0,457,-0.0,0.19047300600866926,-0.15462823722887514
790,9,0.6950000000000001,467,3.1496614972904897,3.495396759546683,2.2101802462212894
791,9,0.945,468,0.5296315252414022,0.7138212616321906,0.42032350331512885
792,9,0.665,471,3.6430177112311566,3.972286986326103,2.7660240343744085
793,9,0.84,472,1.451305161980698,1.681890839812602,1.0405292844101766
794,9,0.8049999999999999,475,1.7949311985979348,2.029652064108384,1.360524178865087
795,9,0.815,477,1.6938258364769927,1.9105114774460288,1.365978777946993
796,9,0.97,482,0.31184983035266844,0.426489044645176,0.8524587368103221
797,9,0.915,483,0.7847724426280291,0.9194945704078229,1.1023919875540646
798,9,0.655,490,3.8267074866979334,4.016855731739169,3.674382366463712
799,9,0.515,509,10.588804539203405,10.61901079710915,13.011731410621199
800,10,0.91,3,0.8274352110102068,14.007928632467646,-2.4943374756334253
801,10,0.89,7,0.9997575268987897,12.16758481384687,-2.321543350814589
802,10,0.785,22,2.005388299406385,11.736910279440167,-1.3148417470368876
803,10,0.52,26,9.758561092848213,21.703304477637655,6.436999016918417
804,10,0.69,27,3.2266579580736026,13.617671923311814,-0.09419533246692
805,10,1.0,31,-0.0,6.059080747888291,-3.3001265729932316
806,10,0.785,31,2.005388299406385,10.652881829258641,-1.3129376465582048
807,10,0.995,39,0.06705396331623693,5.782022184435498,-3.227143170582489
808,10,0.965,49,0.3563796956771039,5.968192538455261,-2.9357406397190218
809,10,0.92,77,0.7422149776146743,5.844453178779306,-2.5370897798560814
810,10,0.975,78,0.26649108277960165,4.895992950982095,-2.9959421157487256
811,10,0.595,79,5.254309721159079,13.214468170398161,1.938186616869669
812,10,0.76,85,2.2865876806590695,8.564232440737308,-1.0166237149607869
813,10,0.835,88,1.4987415600710716,7.003685255128688,-1.7910611946325898
814,10,0.675,95,3.4697074359871776,10.194622124430037,0.16148293446682876
815,10,0.77,115,2.1714418777071107,7.523412890672247,-1.114722505664228
816,10,0.885,117,1.043395087867815,5.499283145924485,-2.2112498528864344
817,10,0.995,119,0.06705396331623693,3.755198384737522,-3.138367560444543
818,10,0.8200000000000001,137,1.6442035862539677,6.200681973313782,-1.6150726752238505
819,10,0.99,138,0.12153852365272685,3.5881923142910566,-3.0636062801678974
820,10,0.72,148,2.7903675759676574,7.908087511689791,-0.4893988456388753
821,10,0.975,171,0.26649108277960204,3.4439105453902488,-2.8864460868216675
822,10,0.86,183,1.2661730071530997,4.934803603888275,-1.9375951790379757
823,10,0.87,187,1.1760491166970624,4.738527095506635,-2.0182865650585664
824,10,0.72,209,2.7903675759676574,6.968206607191404,-0.4495625406845165
825,10,0.59,218,5.411224210913532,10.187538964508143,2.142926096690986
826,10,0.825,225,1.5951658981088033,4.976913658991771,-1.581255173466846
827,10,0.835,273,1.4987415600710703,4.403949324405505,-1.6164765859158723
828,10,0.6799999999999999,279,3.3865657781063687,6.996614038309024,0.18790952388759863
829,10,0.6499999999999999,282,3.9228785563330475,7.654907047938491,0.7138262377871052
830,10,1.0,330,-0.0,1.8910123187171106,-2.868651594792094
831,10,0.965,333,0.3563796956771025,2.3722901751015812,-2.5557756381764842
832,10,0.96,361,0.40028647473286316,2.28579512631439,-2.466328144775017
833,10,0.63,368,4.3414521060363285,7.4142052935496165,1.2020689246705427
834,10,0.85,373,1.3578633441515449,3.54349836642523,-1.6059520055769996
835,10,0.7949999999999999,375,1.8987053540387269,4.270167028378627,-1.1134167962233934
836,10,0.915,380,0.7847724426280652,2.7132255817498723,-2.097458379251416
837,10,0.91,381,0.827435211010205,2.766005179861547,-2.05838336193206
838,10,1.0,386,-0.0,1.6264003245538876,-2.757246562763272
839,10,0.675,395,3.4697074359871785,6.166379583003076,0.38947351186799506
840,10,0.95,399,0.4868063278013073,2.2185589928541924,-2.318308702723972
841,10,0.785,436,2.005388299406386,4.056854342693076,-0.918257579715004
842,10,0.9299999999999999,446,0.6572715292295015,2.2325800362897805,-2.07484273414663
843,10,0.585,472,5.577006821612635,7.980912261658264,2.5572201896979214
844,10,0.895,489,0.9563691957646422,2.4316114077510074,-1.7224396369390242
845,10,0.895,496,0.9563691957646419,2.4000063795212747,-1.7043785636036093
846,10,0.5,515,100000.0,100000.0,100000.0
847,10,0.54,519,7.757404003181601,9.87955813845365,4.8119904671189735
848,10,0.925,527,0.6997275765376503,1.966175244702179,-1.847026049527113
849,10,0.88,534,1.0873068059689583,2.428107987948029,-1.5101019700012908
850,10,0.76,535,2.2865876806590704,3.904111582459683,-0.4663871077733433
851,10,0.825,542,1.59516589810881,3.032348525706147,-1.0618160203920681
852,10,0.92,545,0.7422149776146758,1.9613786864369582,-1.7699319100558448
853,10,0.685,556,3.3055892041345625,5.034402991690765,0.5017420632789787
854,10,0.655,568,3.8267074866978903,5.575149675734591,1.014461834780959
855,10,0.865,579,1.2209267726198307,2.4454028976399393,-1.2952072053485622
856,10,0.855,579,1.3118108496317777,2.5576416624616254,-1.2200945610648612
857,10,0.69,582,3.2266579580736163,4.841647589143005,0.4749099531913414
858,10,0.735,591,2.5924675194380042,4.070265951345862,-0.08777516326587557
859,10,0.915,597,0.7847724426280691,1.8514720437186627,-1.6009073425476916
860,10,0.72,597,2.7903675759676574,4.281558953077137,0.10267679871154159
861,10,0.5349999999999999,604,8.143056128913162,9.926386591147699,5.316277794525921
862,10,0.99,610,0.12153852365272547,1.0047733910835792,-2.0733351238149753
863,10,0.745,611,2.46679294788649,3.8463856136381986,-0.15537066929932825
864,10,0.99,614,0.12153852365272547,0.9936927209947405,-2.0601032307521905
865,10,0.895,633,0.9563691957646363,1.9472054674096226,-1.3563365922054007
866,10,0.87,638,1.176049116697069,2.1965641597220658,-1.1661063838559216
867,10,0.71,665,2.9292946475731014,4.181669813429705,0.392636381751523
868,10,0.62,667,4.5749110429881945,5.97790701970588,1.938328306405658
869,10,0.565,667,6.353981048362911,7.824267511150753,3.6779633550130217
870,10,0.6950000000000001,668,3.149661497290475,4.419538940679855,0.6004728934190409
871,10,0.64,709,4.124897853222267,5.319015035122157,1.63190082474347
872,10,0.6599999999999999,712,3.7334824231980495,4.887342861616418,1.2725329352205756
873,10,0.625,725,4.455898552890381,5.6043719634245655,1.9993612937143215
874,10,0.815,727,1.6938258364769903,2.5400630239024373,-0.4559745853687057
875,10,0.835,748,1.4987415600710599,2.2453981760185653,-0.5156739972335573
876,10,0.515,770,10.588804539203332,11.58481534727733,8.270876697337215
877,10,0.77,784,2.171441877707135,2.899620986834465,0.18472276346532146
878,10,0.5349999999999999,798,8.143056128913155,9.045042272075415,5.92628928798767
879,10,0.6950000000000001,804,3.1496614972904737,3.9144591161045694,1.1088950147123797
880,10,0.56,804,6.585542634590712,7.458874917502829,4.402483448996431
881,10,0.56,811,6.585542634590712,7.434151064825987,4.432775500879379
882,10,1.0,827,-0.0,0.35342834968412956,-1.1195430061192284
883,10,0.575,842,5.9397157264109754,6.663981941029367,3.958976888223879
884,10,0.785,865,2.005388299406388,2.4851390776107256,0.5051037248438799
885,10,0.54,875,7.75740400318159,8.358870634038862,5.987985984288028
886,10,0.905,900,0.8702357425041795,1.1506025080701994,0.04960065208940644
887,10,0.86,926,1.26617300715309,1.5195912256285822,0.578273951845932
888,10,0.55,928,7.112677672921765,7.503173472149612,5.86698360612697
889,10,0.59,942,5.411224210913537,5.747371581216441,4.355708455648642
890,10,0.5249999999999999,949,9.114488217416767,9.427059400725462,8.152534797880898
891,10,0.685,951,3.305589204134557,3.5840024529744237,2.4940963392822066
892,10,0.99,962,0.12153852365272215,0.22925170672554493,0.596631588160356
893,10,0.7050000000000001,966,3.001071301784394,3.2205428972214127,2.5041483659218806
894,10,0.935,972,0.6148037628742117,0.7244327929109312,1.0654076808649273
895,10,0.785,978,2.005388299406389,2.1596975838384798,1.9847968130726932
896,10,0.515,995,10.588804539203316,10.716414019963535,10.82916985936986
897,10,0.965,996,0.35637969567709554,0.40982857315712484,1.815556446935839
898,10,0.5549999999999999,996,6.837162119030491,6.961096786189855,7.117872447980687
899,10,0.955,1007,0.4437227154094488,0.47788419853950725,2.5390936091677103
900,11,0.97,9,0.3118498303527096,10.61899256013756,-3.146442622694927
901,11,0.84,20,1.4513051619806667,12.147003008059453,-2.0072563357125266
902,11,0.515,34,10.588804539203478,23.67479701380549,7.129538849932903
903,11,0.6699999999999999,63,3.555144223261025,13.391130179314954,0.09729198023475293
904,11,0.71,64,2.929294647573114,12.206954585017533,-0.5278106443482649
905,11,0.7949999999999999,70,1.8987053540387364,9.910349480166401,-1.5551251801989432
906,11,0.645,178,4.022200062294815,11.10860538726143,0.5734235242039816
907,11,0.84,221,1.451305161980666,6.2373029319818,-1.954861927080446
908,11,0.685,235,3.305589204134586,9.171715960016385,-0.12889393189924586
909,11,0.595,239,5.254309721159053,11.722018668067294,1.8112713591372491
910,11,0.85,243,1.3578633441515422,5.849544544221965,-2.0359719371848435
911,11,0.71,271,2.929294647573114,8.20584745689937,-0.49242865183733503
912,11,0.7949999999999999,288,1.8987053540387364,6.406332321849348,-1.4958674107046812
913,11,0.975,298,0.26649108277954947,3.6301559243516035,-3.0455011953759947
914,11,0.8200000000000001,303,1.644203586253962,5.876642998241223,-1.7363601755632294
915,11,0.86,315,1.2661730071530666,5.163998631184655,-2.093073255202499
916,11,0.6950000000000001,352,3.1496614972905026,7.873216060944728,-0.2541035278341301
917,11,0.8200000000000001,379,1.6442035862539621,5.363844121184365,-1.701339407519003
918,11,0.825,389,1.5951658981087662,5.229490589658404,-1.7431396771729248
919,11,0.865,396,1.2209267726198625,4.605216914288085,-2.0932673556669736
920,11,0.685,401,3.3055892041345856,7.728171420312826,-0.0849497877206329
921,11,0.89,458,0.999757526898808,3.9582246435730593,-2.2609969216816714
922,11,0.64,529,4.124897853222295,7.974270796147396,0.7691994088959089
923,11,0.6699999999999999,542,3.5551442232610175,7.208269955222694,0.21520359879604958
924,11,0.595,546,5.25430972115905,9.237366043946082,1.8891241922579862
925,11,0.925,562,0.699727576537687,3.1249409316234207,-2.4624818768066445
926,11,1.0,602,-0.0,2.0189156313825136,-3.050644615319687
927,11,0.955,608,0.4437227154094386,2.6186820356498286,-2.6545739798691312
928,11,0.575,608,5.939715726410957,9.722388777992887,2.5891155229653964
929,11,0.52,631,9.758561092848192,13.544208819443167,6.407728069397792
930,11,0.59,676,5.41122421091355,8.844497504376113,2.0919382249613045
931,11,0.88,691,1.0873068059689763,3.281652368073018,-2.0164567790512136
932,11,0.735,698,2.592467519438001,5.3289037184249395,-0.6324054027147485
933,11,0.835,711,1.498741560071088,3.793178422195202,-1.6318065155558126
934,11,0.84,731,1.451305161980661,3.666413821677253,-1.6582102739417404
935,11,0.88,758,1.0873068059689763,3.0883006615950594,-1.957418446510725
936,11,0.825,785,1.5951658981087649,3.7047193128308518,-1.4839722029675786
937,11,0.6950000000000001,808,3.149661497290505,5.66316256950257,-0.03200862807638076
938,11,0.87,811,1.176049116697025,3.0760049196910897,-1.8333934945405344
939,11,0.605,882,4.963555946784558,7.515478153447275,1.7738585748325941
940,11,0.6699999999999999,888,3.5551442232610135,5.885812796251772,0.4154638290006402
941,11,0.575,899,5.939715726410952,8.492561455915668,2.7498285645809575
942,11,0.575,933,5.9397157264109515,8.375402034598363,2.775120959258557
943,11,0.975,945,0.26649108277954114,1.600159799520052,-2.463749276153599
944,11,0.735,945,2.592467519438,4.544977967117474,-0.4357428957547635
945,11,0.7050000000000001,955,3.001071301784375,5.01130241473669,-0.04671712835781005
946,11,0.7949999999999999,1012,1.8987053540387386,3.4990139394061237,-0.983376022982411
947,11,0.665,1027,3.6430177112311997,5.529762780948549,0.6384410265089748
948,11,0.7949999999999999,1090,1.898705354038739,3.363191781818764,-0.9115300985055177
949,11,0.69,1097,3.2266579580735897,4.937097998754746,0.2933186222632072
950,11,0.7949999999999999,1105,1.898705354038739,3.339079862667597,-0.8976456910402323
951,11,0.765,1145,2.2285444465119033,3.6662095060729696,-0.5662233891910595
952,11,0.79,1159,1.9516674886826404,3.307949921125452,-0.7932552022075677
953,11,0.665,1165,3.643017711231202,5.279534078828257,0.7434464388404662
954,11,0.6,1191,5.105347548540078,6.8217592131134275,2.1693883692097677
955,11,0.5449999999999999,1223,7.417143349577823,9.129420806627685,4.482996248333673
956,11,0.715,1245,2.8590855730860736,4.226887957089391,0.10682754201353888
957,11,0.88,1252,1.0873068059689759,2.1045931537523597,-1.3892064857120685
958,11,0.765,1295,2.2285444465119033,3.3986810536732874,-0.38305952780187447
959,11,0.9299999999999999,1311,0.6572715292295155,1.5026471250078344,-1.6289517375743445
960,11,0.725,1318,2.723069163505382,3.937030143588779,0.07734854307603481
961,11,0.64,1330,4.124897853222298,5.475675527536394,1.3835143742994185
962,11,0.885,1341,1.043395087867804,1.920778282167138,-1.2820221467749038
963,11,0.515,1351,10.588804539203457,12.024089405915776,7.795431413089653
964,11,0.6599999999999999,1358,3.7334824231980104,4.9956054400465915,1.0523097280361666
965,11,0.5,1391,100000.0,100000.0,100000.0
966,11,0.7949999999999999,1404,1.89870535403874,2.8325515192725224,-0.49139259605831
967,11,0.845,1417,1.4043536543944883,2.235447861649449,-0.86374224036564
968,11,0.785,1436,2.0053882994063343,2.9061827033149346,-0.3475088801048624
969,11,0.78,1459,2.0599009393081333,2.930485926549093,-0.2573523530791857
970,11,0.575,1499,5.939715726410944,6.999289252792325,3.4230733214728284
971,11,0.625,1513,4.455898552890339,5.437492742074573,2.015110603067893
972,11,0.7,1524,3.074497552228997,3.940791661710666,0.7624410100190377
973,11,0.97,1571,0.3118498303527235,0.7792759992196507,-1.2942173893929425
974,11,0.815,1601,1.6938258364769834,2.301270349686021,-0.22458280584175644
975,11,0.865,1610,1.2209267726198838,1.7583732990810208,-0.553540988100261
976,11,0.915,1611,0.7847724426280153,1.2653574104699694,-0.855128031671862
977,11,0.73,1630,2.6571234029368047,3.3283060510512135,0.6242849935033313
978,11,0.755,1657,2.345613586973016,2.946016988753028,0.44074977804808735
979,11,0.645,1658,4.022200062294792,4.730936484761696,1.9281037910326373
980,11,0.9299999999999999,1661,0.6572715292295171,1.0650104451109905,-0.7800401482201851
981,11,0.735,1665,2.592467519437997,3.201216782164705,0.6715700700054074
982,11,0.75,1669,2.405666433447998,2.993847514721306,0.5247816161372725
983,11,0.895,1682,0.956369195764722,1.3747119998113173,-0.5129331426639316
984,11,0.61,1703,4.828262256216329,5.484686365887299,2.820685664563412
985,11,0.7949999999999999,1769,1.8987053540387417,2.2981608452204014,0.48705571878430365
986,11,0.94,1773,0.5722756686922987,0.850120693618553,-0.37404825022194493
987,11,0.835,1813,1.498741560071084,1.807840055924489,0.4137287205376859
988,11,0.97,1835,0.31184983035272806,0.5090454449353381,-0.17903988136175955
989,11,0.755,1855,2.345613586973014,2.6540987006268724,1.2631707503639038
990,11,0.84,1858,1.4513051619806407,1.7018688759203697,0.6408596013882092
991,11,0.6799999999999999,1859,3.3865657781063434,3.729941613674527,2.1663243485707775
992,11,0.845,1873,1.4043536543944746,1.6339434351902233,0.709830920207636
993,11,0.52,1880,9.758561092848206,10.098470871014511,8.551291621700946
994,11,0.925,1881,0.6997275765376919,0.8752147579079776,0.36647905856204765
995,11,0.775,1899,2.115240046871682,2.349800655302578,1.3922337975828898
996,11,0.755,1921,2.345613586973013,2.553699451736698,1.782490073738203
997,11,0.6950000000000001,2022,3.149661497290523,3.2062231677472974,4.3912161521900765
998,11,0.875,2028,1.1315169114520072,1.1593260414279758,3.383031475556429
999,11,0.835,2031,1.4987415600710827,1.5264941139964365,3.7531659954084766
